date,district,headline,source,url,lang,year,is_tvk
2026-05-15,Other / Statewide,CM Vijay declares war on synthetic drugs in Tamil Nadu - BioSpectrum India,BioSpectrum India,https://news.google.com/rss/articles/CBMiqgFBVV95cUxQdXpnX2FqdVdENDh6Zk9LT1hfZjRack9BVWVUZ2xNVTRZdEVBOUpaSUxmamxfcWJwUWVIa1RJX3Q3emFvNTM1NXl5T09vQ0NkNmU0Q1lnRnpHQmotN3E5Y3lvSkgzN2pZczJBZVhtV3hvSjk0OTdaTTN1Zy0yNjRwd2VYcUpvX2dCeDdrQTZwZmNLdVEyVXZnZ3hOc3dEeEFQSmhSX2VZS3BNdw?oc=5,en,2026,False
2026-05-10,Other / Statewide,TN cybercrime wing directs ‘X’ to take down 18 URLs over ‘unlawful content’ - ThePrint,ThePrint,https://news.google.com/rss/articles/CBMiqgFBVV95cUxPNWtOcWNpWXBjbGJkXy15aWs4bU1OZFdqeHl0N0N3Z1BKbkwzcVI2WFlwcXc0OVlXTnBOblB3ejA1a3ZaUldOVjcxNGozMW5GcTUtNldWQVFpYXJVdHlGUkwtMTdmNWtXY3ppOThncHJncENFVDBJWUExMkE3NzNYdXRmcEpPUFUxQkxIS3RhU05oanJrQlVYQVA4Zk9BMTlQSE9fUU1HTi11d9IBrwFBVV95cUxNUlJCbXdjMlJoZ19IMThmMVpsSEVvRkJremhJcVRxRHRFTTJHSGR5bzZscm9tdzAzOW94Wm5oS1M3OFRlQW9qWWpIaE56OVVtUG1iZ1UzeU53NHY5QnBLOXJIamphV0xCTmV6djZOR3BvV3NiRkMycUQyUVI4VGNla2ItNFRaVGFqeWlyTE9XdkVRZ25hWXRVSkl1LS1XRjE1XzBMcEpGQjJzejhfTzBj?oc=5,en,2026,False
2026-05-23,Other / Statewide,Tamil Nadu: Two Held For Kidnapping And Murder Of 10-Year-Old In Sulur; Accused Injured During Escape Attempt - ETV Bharat,ETV Bharat,https://news.google.com/rss/articles/CBMi9gFBVV95cUxNQXJndTJPZ1QtV0xNYVc4OTVFYUpRQ0tyVmtYNHB1UUhNOUFFZmJsRXFIdU1IVUwyZEdrY19vWTZ6MXBkOUdDSm52WTF6Y2M5ZEE4N3I3NDVhdmxTY2hIZFJUWnJReHlRcGxTdEZLV3QtaFJLT2pRcU9QaldONDUwNmVQWlVNS2JhUGlGWF9RZldtY3lhLVJtTG91ZFRTTUxmUGhUS095Y3Q4ci1JdFJvS3lySmNYcmdfeWE2NU9jc2VzamdMWGJaQy1yQUFEdktTWWNvN0VpR3VxMVp2YVdNTjFGQ3FJcVBhS2VYQlUtNnlvSUNCb3fSAfsBQVVfeXFMTmdHdWd1UFhabTctMlBmT1JEenllWTNubXBfMFAzRWxwWHB2TXlIOEdwQ1IwY29LN0h5TTk4UDF1T2VyQzZhVEFtblRqSHkxcUJ1U0RsRXJPZGs1M2VETEZxVXU5MTFqTUg1WWJxbk1KT0EzdHhvOVFtUldNdHVoMUg3UWhuRUNxakhfQU1hS1FhRjNZVGhBRkdxajZ0UzAySUd1OG1VYllzZ19ieFRFQlVmX1lrTWJVNnpncktQQzg1N19sZW9uQV94NDJlSWNPamhMdDFQWjcwd190M3U3LTI2MFF1WVNwV3RFNkhKelhWLWVWcG01ZkJSV28?oc=5,en,2026,False
2026-07-05,Tiruppattur,Man arrested in goat theft case appointed as government pleader in Tirupattur - The Hindu,The Hindu,https://news.google.com/rss/articles/CBMi4AFBVV95cUxQZjRsSmZ0QkNFbnZWamVZV2dIekJLQWFzTEV2bHNRWDlneFJLSnlrZUNCSm1melFYaXZKZ1EzT3k2b0VkeGlXQXBsWUxKcW9obHpSb09yWTRNcUhma1VPdjhUNnppemtNTHNEUU9uRGlwZUFfbl9YYWVwMW8yM0NwSG5tVDN2c1B3UDdLeXBkSkdjVW9sQkhyZHh3SUpFWXBEYmhFUkZqRVBRY2dVS1UzM0RmbVpPdXdWdU5scUNyaDRQMVZxU1EtakJkR2c2UDZqTW0tYnVVbFE3ZHF1ZHpESdIB5wFBVV95cUxPM0lyeFE3TGpzeTBCaTVCV3E0MWNTc0hzSko2NmNTVXVsTzRGN0phNURfYmd1MzBzZ0JmVU45WV9WcmM3Z1pXVUJqNEY1RjBlMWNZMi1sU254RXZyQnJQV054V0hZUTU5bG5MWVI2QlRTeVdHR0V1aXZMdlE4empEcXNHMmFvOEI2WFR0X3NMSzhkRnpiNjlhWl80MVJVUkh0amVENVE1M0FQem1KSXFqSk5UNVlybUlKd1ktc3llbEs2SGZUZjZtdkpDcXFWWk81a2pCUFRrOVBlTGswVkNsUGh5d192VWs?oc=5,en,2026,False
2026-07-12,Sivaganga,Sivaganga police seize 3 kg of methamphetamine intended for smuggling to Malaysia; four held - The Hindu,The Hindu,https://news.google.com/rss/articles/CBMi7AFBVV95cUxNU3NvdVFnVjVHeUE3VDRqa3JUM2Nyd0lwb3dIM3VtemNYRXUyX2tQQ09qcjVLRWZCbjl1by0tY210dDQxWEd1d0ROWnZiRFpLa2Q5ZU53aThwb2swR2ljdFZHZk5jWUxUamQ4dXJ3TWRtSDBSRS1tSkI2N0hiaFkyRVFKVzM1dTNIVlI4QndLZ1lCc3ZfRGd4RmF3bHItYkRDOXdCVXE4QVA2azRPSElRUmVvQ0xldzk5STRLQWhjM0lZd3ZOdE5mMTU2YWFXQVZ2TjAzdmV1M1lkNTNlbXRxQlVDUjlhM1hDTDlEVdIB8wFBVV95cUxNeHhuTWF6N0V5Mk0zMUFqTG94bGMyWURtd0d3U3VBaUlMNDUxam01cUxsYUgyZXJQbm1fczE2MVZLS1c4cjFINExPazFNcWhmeC00eHFONWkzU1dibzFjVTJiejhpdEZuSGhPd2FMWk5IYnhmaFFwNmFxY3VnNHdFQUJ3MENUbGNPMDJiNlJrRDNlWldqR283VG9WS05LV29UR0hFeGEtX0xEVDBVMU16OVFrU2lZV1Q2WEdZeW5yYWEySy1fS3NzRmpWSnlIa1ItMFFPbGJ3UGdoZ3Ezd0hGQUhaeHpFRnZDVFhBczlsZmZkMEU?oc=5,en,2026,False
2020-09-06,Other / Statewide,Sushant Singh Rajput Case: Drug Peddler Kaizen Ebrahim Gets Bail - paper.news18.com,paper.news18.com,https://news.google.com/rss/articles/CBMiswFBVV95cUxOOFJJeHRhbl9JME5wellRdjFDYmRqVDdvSW9UTG9TRVZjM1RsUUJ6amZnMmlxbGhJZVVrUi11dVZSdEFOUE1ydzkybjNsb0RxYUhrOGNhQVh6RkUydFZHeXdPZnRTYzdmd2xNM2xpX05idDNYQ2l2YWlBeXcwME5SaVdzOHItaGhHTG9oUmNQUWdZcy01TGdNT0hhTkQxNUhzSVJaYzloWnhyMUctY0hFckY3RdIBtgFBVV95cUxNWkFXTXJ6OERDUHRacmk0YWpMZ3cwbGg3Q1liaDBlM3kzMkpkY1E1NHBpUl9ycmVBVVpMenkxd0ZoZWlKNm9IZU5BMHVJTnQwb2FtU2lnSkZEWURQRjRMeFpvdVBjcWZDLVdaSjUzQTlDYkZCQnBTS050YmlPRlNTcGZaVnl6d3gyR05mQjFUMklTUTRBamhGSnVSSzQwNFdRbi1DQzBVbHNqNnJGaXJjOWJPaUJTdw?oc=5,en,2026,False
2025-09-16,Other / Statewide,"Amit Shah Calls For Crackdown On Drug Cartels, Says 'Govt Determined To Wipe Out Narcotics' - paper.news18.com",paper.news18.com,https://news.google.com/rss/articles/CBMi0wFBVV95cUxOYkVTTGdUMW1HdF9PMWdyYkR0ZzhpbnZiU2pBOVRTdEZBWWxNNUM4aEpHNzcwQkJCNExDVFBhVWJCZVo0VGJ6UHNhQThpNXBvdkJaOXNfeF9mYUVGNXdadE44VnRvRkNtc0JFUm5sa25nQkxFUWlsSi1nUWVBMzc3eWJLdWE0YzFqaENNOHh3OHhBeXJpNF9hUVpTR1VCUHVfSFZIbjNadGx5ZHBNR3JZdnhmN05UaEU4cktGWTdId2U1XzBNR1JHcHAtLVJuQzVTVkpz0gHWAUFVX3lxTE9ieEtxTlE1NjZZaW1xckFmUGpDZzZCcklTc3lSZXpzeXhNcHktV2p2TWc0azJlUERreWh5ZHZjYUNoQ05pd0lUT1EwM2FzVE5JWEJRZnB2Z3JsX054TTFKVl91czdnQXpsWGlqTmVtSUxleTdXN3hDYWQzQzlHN0dha1g1WXlGeTZtMjlNaGwxV1pMQWJOeEN4bW00NmZCb0tFUVNLRnZUTEt2VzQyN2hMTzdEVmJQcnpwZ0pzZUZJSTlQWEZud1ZPTnZsVzE5SGVSRHpsaEE?oc=5,en,2026,False
2026-07-16,Other / Statewide,Fake Currency Note | கள்ளநோட்டு அடிப்பதற்காக 40 கட்டு ப்ளாக் பேப்பர்ஸ்? சிக்கியது எப்படி? - Thanthi TV,Thanthi TV,https://news.google.com/rss/articles/CBMixwFBVV95cUxPS2JxNk1xbWJKNEJNY0NlUVVIdzZFMVVzUGxxX1daZmt0YWpxUUY4aTdPdHFHRWp6YlhJcE1OaUx4eElOZmFaR3hsc2Q1TU9EYktSMVBfWWN4VVg1MTh2dkRWMVRKX1lVQVRxVmRMWjVOejhzeGVVZDBJZVNHZFMyNVA1X3pRZDM4Q1h4ZUNSTi1LVWp0TjdTSEFWZ0RRM082ZGZwd3lKa21WSTR6Nl9lZFhaRmJ3ZXV0RElGdzhUaWluWExWUE1J0gHUAUFVX3lxTE1JWklqTkllNHU0M3hrOU13bU13S2RENGV1dlB6cm9PMHk4NTN6cU9JVTh1X1V5S0E5dm9rY1IzN3lDcS1JWWxhdTQ1SkNibFktVTJZeWVDY1JpVDVvY3Z3alhMMlRXcnJ0RVQ1QUlYMWoyb095eTdNN1ZTUDAzNW55RUZLT3lSNldIZHQ5WjRvOFAtaTJ2R21JdURhM3N2dmE3aHBiWTd2bGh1Z3FmblhqR0F3d1pTX0NiR0lYVk9LYUNSLTFiNEJYcWdBZVB5QUdlS1A5?oc=5,ta,2026,False
2026-07-15,Other / Statewide,நியூயார்க்: இந்திய அதிகாரிகளுக்கு லஞ்சம் கொடுத்ததை அமெரிக்க முதலீட்டாளர்களிடம் மறைத்ததாக அதானி குழுமத்திற்கு எதிராக அமெரிக்காவில - Dinakaran,Dinakaran,https://news.google.com/rss/articles/CBMiYkFVX3lxTE50X3lTb1ZwNHBDUlA4SWR3RzkzT1dwMXk5My1JWkh4S01oNFczdTBVNnNOY3dCUUg0R1IwVmVIbE1jN0djYlBGc3duTEJpbHp0N2ZQZWRramkzcUtTXzFpaXlR0gFnQVVfeXFMT2hnNzdzSVpIdkcxTWIwSW13UWk4MVhsUHV1bS04SHVsQmpZa1FlcnYtMG1zSTFJWkYwNUFrdEhSNHBtM1J1X1Fjcl9nN1dLeDJRaXVKTlJiUVhlVlQ1R3N0WDk4WWowSQ?oc=5,ta,2026,False
