year,district_city,area_type,total_complaints_2020,total_complaints_2021,total_complaints,share_in_percentage_2022,projected_population_lakhs,rate_of_cognizable_crime_ipc_sll,total_oral_complaints,oral_narrated_to_oc_sho,oral_distress_call_over_phone_dial_100,total_written_complaints_to_police,written_to_oc_sho,written_to_sp_senior_officers,written_electronic_form,written_complaint_to_courts,written_nhrc_and_shrc,written_scs_commissions,written_sts_commissions,written_ncw_scw,written_child_welfare_boards_commissions,suo_moto_police_complaints,other_written_complaints
2022,Avadi,city,,,10271,2.2,4.2,2450.0,,,,,,,,,,,,,,,
2022,Chennai,city,168450,115247,39138,8.3,60.4,648.3,,,,,,,,,,,,,,,
2022,Coimbatore City,city,24044,13963,9250,2.0,11.2,828.0,,,,,,,,,,,,,,,
2022,Madurai City,city,33006,16910,12289,2.6,10.8,1135.6,,,,,,,,,,,,,,,
2022,Salem City,city,17658,10609,7901,1.7,8.8,896.1,,,,,,,,,,,,,,,
2022,Tambaram,city,,,10235,2.2,8.0,1284.0,,,,,,,,,,,,,,,
2022,Thirunelveli City,city,9672,4311,3307,0.7,5.0,656.7,,,,,,,,,,,,,,,
2022,Tiruppur City,city,12432,14699,6375,1.3,4.7,1349.4,,,,,,,,,,,,,,,
2022,Trichy City,city,14127,12730,17954,3.8,9.0,1992.8,,,,,,,,,,,,,,,
2022,Ariyalur,district,12129,8752,4326,0.9,8.0,539.0,,,,,,,,,,,,,,,
2022,Chengalpattu,district,46737,14855,7754,1.6,24.2,319.9,,,,,,,,,,,,,,,
2022,Coimbatore,district,33399,22300,15039,3.2,25.6,587.6,,,,,,,,,,,,,,,
2022,Cuddalore,district,53052,32623,26361,5.6,27.7,951.4,,,,,,,,,,,,,,,
2022,Dharmapuri,district,29478,12530,9110,1.9,16.0,568.6,,,,,,,,,,,,,,,
2022,Dindigul,district,44219,22610,11470,2.4,23.0,499.5,,,,,,,,,,,,,,,
2022,Erode,district,22377,11670,10450,2.2,23.9,436.5,,,,,,,,,,,,,,,
2022,Kallakurichi,district,29269,12436,6582,1.4,14.8,444.3,,,,,,,,,,,,,,,
2022,Kanchipuram,district,23308,12325,4786,1.0,9.7,495.0,,,,,,,,,,,,,,,
2022,Kanyakumari,district,17373,14271,9110,1.9,19.9,458.1,,,,,,,,,,,,,,,
2022,Karur,district,12051,11934,7035,1.5,11.3,621.6,,,,,,,,,,,,,,,
2022,Krishnagiri,district,25774,11727,9979,2.1,20.0,499.3,,,,,,,,,,,,,,,
2022,Madurai,district,61106,13381,10598,2.2,21.5,493.4,,,,,,,,,,,,,,,
2022,Nagapattinam,district,31557,28018,13585,2.9,17.2,790.5,,,,,,,,,,,,,,,
2022,Namakkal,district,24183,18287,7877,1.7,18.4,429.1,,,,,,,,,,,,,,,
2022,Nilgiris,district,11940,3336,2862,0.6,7.8,366.0,,,,,,,,,,,,,,,
2022,Perambalur,district,11674,6391,3495,0.7,6.0,581.6,,,,,,,,,,,,,,,
2022,Pudukottai,district,21402,17327,10713,2.3,17.2,622.6,,,,,,,,,,,,,,,
2022,Ramnathapuram,district,15878,15205,10391,2.2,14.4,722.1,,,,,,,,,,,,,,,
2022,Ranipet,district,10340,7763,5956,1.3,12.8,467.0,,,,,,,,,,,,,,,
2022,Salem,district,22472,15880,13620,2.9,28.2,482.9,,,,,,,,,,,,,,,
2022,Sivagangai,district,14350,11486,7630,1.6,14.2,535.9,,,,,,,,,,,,,,,
2022,Tenkasi,district,11530,10557,7870,1.7,15.2,519.1,,,,,,,,,,,,,,,
2022,Thanjavur,district,54194,38733,21106,4.5,25.6,825.1,,,,,,,,,,,,,,,
2022,Theni,district,38869,17254,10242,2.2,13.2,773.2,,,,,,,,,,,,,,,
2022,Thirunelveli,district,13978,11884,7420,1.6,12.5,592.7,,,,,,,,,,,,,,,
2022,Thiruvallur,district,59795,17391,6801,1.4,25.1,270.8,,,,,,,,,,,,,,,
2022,Thiruvannamalai,district,93914,29437,13937,2.9,26.2,531.8,,,,,,,,,,,,,,,
2022,Thiruvarur,district,44080,16597,9222,1.9,13.4,686.1,,,,,,,,,,,,,,,
2022,Thoothukudi,district,20131,16898,12444,2.6,18.6,668.7,,,,,,,,,,,,,,,
2022,Tiruppattur,district,16034,7844,4880,1.0,12.6,388.8,,,,,,,,,,,,,,,
2022,Tiruppur,district,34050,20901,10795,2.3,21.6,499.0,,,,,,,,,,,,,,,
2022,Trichy,district,32903,16033,9565,2.0,19.9,479.8,,,,,,,,,,,,,,,
2022,Vellore,district,26065,9145,6706,1.4,16.5,405.3,,,,,,,,,,,,,,,
2022,Villupuram,district,52606,15501,11790,2.5,22.0,536.8,,,,,,,,,,,,,,,
2022,Virudhunagar,district,24029,12976,11266,2.4,20.7,545.6,,,,,,,,,,,,,,,
2022,Cyber Cell,special_unit,6,14,3,0.0,0.0,0.0,,,,,,,,,,,,,,,
2022,Other Units,special_unit,620,517,515,0.1,0.0,0.0,,,,,,,,,,,,,,,
2022,Railway Chennai,special_unit,1263,1291,2266,0.5,0.0,0.0,,,,,,,,,,,,,,,
2022,Railway Trichy,special_unit,157,204,1179,0.2,0.0,0.0,,,,,,,,,,,,,,,
2023,Avadi,city,,,104623,,,,42258.0,0.0,42258.0,62365.0,6053.0,6123.0,7360.0,0.0,0.0,0.0,0.0,0.0,8.0,9808.0,33013.0
2023,Chennai,city,,,319666,,,,173292.0,0.0,173292.0,146374.0,17282.0,1555.0,37678.0,210.0,9.0,0.0,0.0,1.0,6.0,18180.0,71453.0
2023,Coimbatore City,city,,,74352,,,,32157.0,0.0,32157.0,42195.0,5020.0,2564.0,9413.0,14.0,0.0,0.0,0.0,0.0,0.0,3447.0,21737.0
2023,Madurai City,city,,,71880,,,,27423.0,0.0,27423.0,44457.0,3072.0,4166.0,4696.0,102.0,0.0,0.0,0.0,0.0,0.0,10284.0,22137.0
2023,Salem City,city,,,37273,,,,1632.0,0.0,1632.0,35641.0,7852.0,2438.0,3762.0,8.0,0.0,0.0,0.0,0.0,0.0,5861.0,15720.0
2023,Tambaram,city,,,106672,,,,49701.0,0.0,49701.0,56971.0,6249.0,4476.0,6870.0,0.0,0.0,0.0,0.0,0.0,0.0,6155.0,33221.0
2023,Thirunelveli City,city,,,22966,,,,7459.0,0.0,7459.0,15507.0,2231.0,2569.0,1453.0,55.0,22.0,0.0,0.0,0.0,0.0,4410.0,4767.0
2023,Tiruppur City,city,,,29600,,,,11273.0,0.0,11273.0,18327.0,3097.0,118.0,2545.0,11.0,15.0,7.0,0.0,14.0,0.0,4832.0,7688.0
2023,Trichy City,city,,,41759,,,,15039.0,0.0,15039.0,26720.0,3999.0,1258.0,1470.0,53.0,37.0,0.0,0.0,0.0,6.0,9000.0,10897.0
2023,Ariyalur,district,,,34462,,,,10199.0,0.0,10199.0,24263.0,1641.0,3803.0,1425.0,16.0,26.0,18.0,0.0,11.0,0.0,2114.0,15209.0
2023,Chengalpattu,district,,,46320,,,,5687.0,0.0,5687.0,40633.0,5241.0,2887.0,3487.0,0.0,0.0,0.0,0.0,0.0,0.0,7071.0,21947.0
2023,Coimbatore,district,,,65803,,,,29497.0,0.0,29497.0,36306.0,4725.0,149.0,4591.0,17.0,0.0,0.0,0.0,0.0,0.0,8772.0,18052.0
2023,Cuddalore,district,,,35616,,,,9850.0,0.0,9850.0,25766.0,9850.0,560.0,151.0,0.0,0.0,0.0,0.0,0.0,0.0,10405.0,4800.0
2023,Dharmapuri,district,,,46222,,,,10370.0,0.0,10370.0,35852.0,8513.0,525.0,2965.0,18.0,0.0,0.0,0.0,0.0,0.0,5180.0,18651.0
2023,Dindigul,district,,,110170,,,,22491.0,0.0,22491.0,87679.0,31522.0,10744.0,6067.0,27.0,46.0,33.0,3.0,76.0,2.0,5932.0,33227.0
2023,Erode,district,,,41192,,,,13644.0,0.0,13644.0,27548.0,4112.0,3647.0,1723.0,3.0,0.0,0.0,0.0,0.0,0.0,5803.0,12260.0
2023,Kallakurichi,district,,,44994,,,,9346.0,0.0,9346.0,35648.0,3747.0,3493.0,2756.0,8.0,26.0,14.0,0.0,30.0,3.0,7247.0,18324.0
2023,Kanchipuram,district,,,46626,,,,5678.0,0.0,5678.0,40948.0,7416.0,2064.0,6121.0,0.0,0.0,0.0,0.0,0.0,0.0,4373.0,20974.0
2023,Kanyakumari,district,,,87270,,,,13748.0,0.0,13748.0,73522.0,13748.0,15883.0,8425.0,223.0,51.0,0.0,0.0,0.0,0.0,2203.0,32989.0
2023,Karur,district,,,31625,,,,7580.0,0.0,7580.0,24045.0,2832.0,455.0,2092.0,3.0,67.0,0.0,0.0,0.0,20.0,4984.0,13592.0
2023,Krishnagiri,district,,,51029,,,,10605.0,0.0,10605.0,40424.0,5452.0,3330.0,10700.0,0.0,0.0,0.0,0.0,0.0,0.0,8940.0,12002.0
2023,Madurai,district,,,72267,,,,19129.0,0.0,19129.0,53138.0,6678.0,5838.0,8012.0,34.0,32.0,2.0,0.0,2.0,38.0,5174.0,27328.0
2023,Mayiladuthurai,district,,,38216,,,,3115.0,0.0,3115.0,35101.0,11474.0,2845.0,3087.0,14.0,9.0,12.0,0.0,12.0,6.0,4337.0,13305.0
2023,Nagapattinam,district,,,22462,,,,3671.0,0.0,3671.0,18791.0,1193.0,1992.0,1494.0,9.0,0.0,0.0,0.0,0.0,0.0,4583.0,9520.0
2023,Namakkal,district,,,35435,,,,11066.0,0.0,11066.0,24369.0,3386.0,3375.0,3993.0,3.0,92.0,0.0,0.0,0.0,0.0,4962.0,8558.0
2023,Nilgiris,district,,,17148,,,,4587.0,0.0,4587.0,12561.0,954.0,1197.0,1012.0,0.0,0.0,0.0,0.0,0.0,0.0,3499.0,5899.0
2023,Perambalur,district,,,12216,,,,1040.0,0.0,1040.0,11176.0,1812.0,156.0,1141.0,7.0,20.0,0.0,0.0,0.0,30.0,2337.0,5673.0
2023,Pudukottai,district,,,43911,,,,9483.0,0.0,9483.0,34428.0,5989.0,115.0,2991.0,15.0,19.0,0.0,0.0,0.0,0.0,4348.0,20951.0
2023,Ramnathapuram,district,,,54296,,,,14666.0,0.0,14666.0,39630.0,5851.0,8916.0,475.0,17.0,41.0,25.0,0.0,40.0,0.0,5199.0,19066.0
2023,Ranipet,district,,,26462,,,,1593.0,0.0,1593.0,24869.0,4462.0,1814.0,3125.0,0.0,0.0,0.0,0.0,0.0,0.0,3153.0,12315.0
2023,Salem,district,,,49091,,,,12813.0,0.0,12813.0,36278.0,6782.0,1780.0,3980.0,12.0,0.0,0.0,0.0,0.0,0.0,9481.0,14243.0
2023,Sivagangai,district,,,36371,,,,6150.0,0.0,6150.0,30221.0,7815.0,3870.0,568.0,45.0,39.0,27.0,0.0,40.0,0.0,3570.0,14247.0
2023,Tenkasi,district,,,46017,,,,6718.0,0.0,6718.0,39299.0,4815.0,3356.0,3969.0,39.0,0.0,0.0,0.0,0.0,0.0,2608.0,24512.0
2023,Thanjavur,district,,,76520,,,,19159.0,0.0,19159.0,57361.0,12574.0,3842.0,5255.0,50.0,59.0,54.0,9.0,78.0,0.0,12392.0,23048.0
2023,Theni,district,,,52052,,,,10254.0,0.0,10254.0,41798.0,4739.0,5640.0,3362.0,32.0,36.0,1.0,0.0,53.0,0.0,6357.0,21578.0
2023,Thirunelveli,district,,,54900,,,,8429.0,0.0,8429.0,46471.0,6644.0,2094.0,3679.0,50.0,0.0,0.0,0.0,0.0,12.0,3646.0,30346.0
2023,Thiruvallur,district,,,57507,,,,7324.0,0.0,7324.0,50183.0,4598.0,3267.0,10981.0,1.0,21.0,22.0,0.0,39.0,2.0,7390.0,23862.0
2023,Thiruvannamalai,district,,,69305,,,,14274.0,0.0,14274.0,55031.0,7149.0,4531.0,6228.0,5.0,0.0,0.0,0.0,0.0,0.0,8244.0,28874.0
2023,Thiruvarur,district,,,43733,,,,6874.0,0.0,6874.0,36859.0,6586.0,2252.0,5041.0,0.0,43.0,16.0,0.0,45.0,0.0,6950.0,15926.0
2023,Thoothukudi,district,,,79235,,,,18403.0,0.0,18403.0,60832.0,6595.0,3689.0,4994.0,77.0,7.0,8.0,0.0,0.0,0.0,5025.0,40437.0
2023,Tiruppattur,district,,,35332,,,,9038.0,0.0,9038.0,26294.0,1564.0,4493.0,1930.0,8.0,0.0,0.0,0.0,1.0,0.0,6189.0,12109.0
2023,Tiruppur,district,,,30386,,,,265.0,0.0,265.0,30121.0,4713.0,2432.0,2754.0,12.0,0.0,0.0,0.0,0.0,17.0,5567.0,14626.0
2023,Trichy,district,,,40788,,,,19331.0,0.0,19331.0,21457.0,4982.0,3149.0,3270.0,37.0,0.0,0.0,0.0,0.0,0.0,5326.0,4693.0
2023,Vellore,district,,,56009,,,,12108.0,0.0,12108.0,43901.0,9305.0,3105.0,4673.0,0.0,26.0,22.0,1.0,53.0,3.0,5538.0,21175.0
2023,Villupuram,district,,,78467,,,,12834.0,0.0,12834.0,65633.0,7384.0,4512.0,905.0,1.0,0.0,0.0,0.0,0.0,0.0,15398.0,37433.0
2023,Virudhunagar,district,,,64208,,,,17331.0,0.0,17331.0,46877.0,10320.0,3704.0,1100.0,115.0,57.0,46.0,0.0,42.0,0.0,6189.0,25304.0
2023,Cyber Cell,special_unit,,,1,,,,0.0,0.0,0.0,1.0,0.0,1.0,0.0,0.0,0.0,0.0,0.0,0.0,0.0,0.0,0.0
2023,Other Units,special_unit,,,381,,,,0.0,0.0,0.0,381.0,18.0,0.0,0.0,0.0,0.0,0.0,0.0,0.0,0.0,363.0,0.0
2023,Railway Chennai,special_unit,,,8796,,,,0.0,0.0,0.0,8796.0,1288.0,0.0,4432.0,0.0,0.0,0.0,0.0,0.0,0.0,71.0,3005.0
2023,Railway Trichy,special_unit,,,1533,,,,0.0,0.0,0.0,1533.0,480.0,0.0,871.0,0.0,0.0,0.0,0.0,0.0,0.0,71.0,111.0
