year,district_city,area_type,complaints_total_oral_complaints,complaints_oral_narrated_to_oc_sho,complaints_oral_distress_call_over_phone_dial_100,complaints_total_written_complaints_to_police,complaints_written_to_oc_sho,complaints_written_to_sp_senior_officers,complaints_written_electronic_form,complaints_written_complaint_to_courts,complaints_written_nhrc_and_shrc,complaints_written_scs_commissions,complaints_written_sts_commissions,complaints_written_ncw_scw,complaints_written_child_welfare_boards_commissions,complaints_suo_moto_police_complaints,complaints_other_written_complaints,complaints_total_complaints,women_crimes_assault_on_women_with_intent_to_outrage_her_modesty_incidents_i,women_crimes_assault_on_women_with_intent_to_outrage_her_modesty_victims_v,women_crimes_assault_on_women_with_intent_to_outrage_her_modesty_r_crime_rate,women_crimes_assault_on_women_i,women_crimes_assault_on_women_v,women_crimes_assault_on_women_r,women_crimes_sexual_harassment_total_i,women_crimes_sexual_harassment_total_v,women_crimes_sexual_harassment_total_r,women_crimes_sh_at_work_premises_i,women_crimes_sh_at_work_premises_v,women_crimes_sh_at_work_premises_r,women_crimes_sh_in_public_transport_i,women_crimes_sh_in_public_transport_v,women_crimes_sh_in_public_transport_r,women_crimes_sh_in_shelter_homes_for_women_and_children_i,women_crimes_sh_in_shelter_homes_for_women_and_children_v,women_crimes_sh_in_shelter_homes_for_women_and_children_r,women_crimes_sh_in_other_places_i,women_crimes_sh_in_other_places_v,women_crimes_sh_in_other_places_r,women_crimes_assault_or_use_of_criminal_force_on_women_with_intent_to_disrobe_sec_354b_ipc_i,women_crimes_assault_or_use_of_criminal_force_on_women_with_intent_to_disrobe_sec_354b_ipc_v,women_crimes_assault_or_use_of_criminal_force_on_women_with_intent_to_disrobe_sec_354b_ipc_r,women_crimes_voyeurism_i,women_crimes_voyeurism_v,women_crimes_voyeurism_r,women_crimes_stalking_i,women_crimes_stalking_v,women_crimes_stalking_r,women_crimes_rape_sec_376_i,women_crimes_rape_v,women_crimes_rape_r,women_crimes_attempt_to_commit_rape_sec_376_511_i,women_crimes_attempt_to_commit_rape_v,women_crimes_attempt_to_commit_rape_r,murder_homicide_murder_incidence,murder_homicide_murder_victims,murder_homicide_murder_rate,murder_homicide_culpable_homicide_incidence,murder_homicide_culpable_homicide_victims,murder_homicide_culpable_homicides_rate,murder_homicide_causing_death_by_negligence_incidence,murder_homicide_causing_death_by_negligence_victims,murder_homicide_causing_death_by_negligence_rate,complaints_oral_share,complaints_written_share,murder_victim_to_incident_ratio,rape_victim_to_incident_ratio
2023,Avadi,city,42258,0,42258,62365,6053,6123,7360,0,0,0,0,0,8,9808,33013,104623,15,15,7.1,10,10,4.7,1,1,0.5,0,0,0.0,0,0,0.0,0,0,0.0,1,1,0.5,0,0,0.0,3,3,1.4,1,1,0.5,9,9,4.3,0,0,0.0,57,65,13.6,1,1,0.2,461,474,109.8,0.40390736262580884,0.5960926373741912,1.1403508771929824,1.0
2023,Chennai,city,173292,0,173292,146374,17282,1555,37678,210,9,0,0,1,6,18180,71453,319666,166,167,5.5,94,94,3.1,23,23,0.8,1,1,0.0,0,0,0.0,0,0,0.0,22,22,0.7,7,7,0.2,5,6,0.2,37,37,1.2,20,20,0.7,2,2,0.1,105,106,1.7,11,11,0.2,599,606,9.9,0.5421033203406055,0.4578966796593945,1.0095238095238095,1.0
2023,Coimbatore City,city,32157,0,32157,42195,5020,2564,9413,14,0,0,0,0,0,3447,21737,74352,23,23,4.1,22,22,3.9,0,0,0.0,0,0,0.0,0,0,0.0,0,0,0.0,0,0,0.0,0,0,0.0,0,0,0.0,1,1,0.2,6,6,1.1,0,0,0.0,22,23,2.0,1,1,0.1,316,323,28.2,0.4324967721110394,0.5675032278889606,1.0454545454545454,1.0
2023,Madurai City,city,27423,0,27423,44457,3072,4166,4696,102,0,0,0,0,0,10284,22137,71880,44,44,8.1,3,3,0.6,41,41,7.5,0,0,0.0,0,0,0.0,0,0,0.0,41,41,7.5,0,0,0.0,0,0,0.0,0,0,0.0,14,14,2.6,0,0,0.0,37,38,3.4,0,0,0.0,265,281,24.4,0.38151085141903174,0.6184891485809683,1.027027027027027,1.0
2023,Salem City,city,1632,0,1632,35641,7852,2438,3762,8,0,0,0,0,0,5861,15720,37273,18,18,4.1,9,9,2.0,6,6,1.4,2,2,0.5,4,4,0.9,0,0,0.0,0,0,0.0,1,1,0.2,0,0,0.0,2,2,0.5,7,7,1.6,0,0,0.0,26,26,2.9,0,0,0.0,217,218,24.5,0.04378504547527701,0.9562149545247229,1.0,1.0
2023,Tambaram,city,49701,0,49701,56971,6249,4476,6870,0,0,0,0,0,0,6155,33221,106672,27,27,6.7,17,17,4.2,0,0,0.0,0,0,0.0,0,0,0.0,0,0,0.0,0,0,0.0,0,0,0.0,0,0,0.0,10,10,2.5,11,11,2.7,0,0,0.0,50,51,6.3,3,4,0.4,513,513,64.2,0.46592357882105895,0.534076421178941,1.02,1.0
2023,Thirunelveli City,city,7459,0,7459,15507,2231,2569,1453,55,22,0,0,0,0,4410,4767,22966,19,19,7.5,7,7,2.8,7,7,2.8,0,0,0.0,2,2,0.8,0,0,0.0,5,5,2.0,1,1,0.4,1,1,0.4,3,3,1.2,3,3,1.2,0,0,0.0,17,17,3.4,0,0,0.0,97,97,19.2,0.32478446399024646,0.6752155360097536,1.0,1.0
2023,Tiruppur City,city,11273,0,11273,18327,3097,118,2545,11,15,7,0,14,0,4832,7688,29600,7,7,3.0,5,5,2.1,0,0,0.0,0,0,0.0,0,0,0.0,0,0,0.0,0,0,0.0,0,0,0.0,0,0,0.0,2,2,0.8,2,2,0.8,0,0,0.0,24,24,5.1,0,0,0.0,155,158,32.7,0.3808445945945946,0.6191554054054054,1.0,1.0
2023,Trichy City,city,15039,0,15039,26720,3999,1258,1470,53,37,0,0,0,6,9000,10897,41759,15,15,3.3,9,9,2.0,4,4,0.9,1,1,0.2,0,0,0.0,3,3,0.7,0,0,0.0,0,0,0.0,1,1,0.2,1,1,0.2,2,2,0.4,0,0,0.0,19,19,2.1,0,0,0.0,160,169,17.7,0.36013793433750807,0.6398620656624919,1.0,1.0
2023,Ariyalur,district,10199,0,10199,24263,1641,3803,1425,16,26,18,0,11,0,2114,15209,34462,5,5,1.2,2,2,0.5,1,1,0.2,0,0,0.0,0,0,0.0,0,0,0.0,1,1,0.2,0,0,0.0,1,1,0.2,1,1,0.2,10,10,2.5,0,0,0.0,16,16,2.0,1,1,0.1,184,191,22.9,0.29594916139515987,0.7040508386048401,1.0,1.0
2023,Chengalpattu,district,5687,0,5687,40633,5241,2887,3487,0,0,0,0,0,0,7071,21947,46320,15,15,1.2,15,15,1.2,0,0,0.0,0,0,0.0,0,0,0.0,0,0,0.0,0,0,0.0,0,0,0.0,0,0,0.0,0,0,0.0,5,5,0.4,0,0,0.0,31,33,1.3,8,9,0.3,392,423,16.1,0.12277633851468048,0.8772236614853195,1.064516129032258,1.0
2023,Coimbatore,district,29497,0,29497,36306,4725,149,4591,17,0,0,0,0,0,8772,18052,65803,13,13,1.0,13,13,1.0,0,0,0.0,0,0,0.0,0,0,0.0,0,0,0.0,0,0,0.0,0,0,0.0,0,0,0.0,0,0,0.0,5,5,0.4,0,0,0.0,52,52,2.0,7,7,0.3,783,811,30.5,0.44826223728401443,0.5517377627159856,1.0,1.0
2023,Cuddalore,district,9850,0,9850,25766,9850,560,151,0,0,0,0,0,0,10405,4800,35616,50,50,3.6,6,6,0.4,12,12,0.9,0,0,0.0,12,12,0.9,0,0,0.0,0,0,0.0,12,12,0.9,10,10,0.7,10,10,0.7,13,13,0.9,0,0,0.0,52,53,1.9,2,2,0.1,541,580,19.5,0.2765610961365678,0.7234389038634321,1.0192307692307692,1.0
2023,Dharmapuri,district,10370,0,10370,35852,8513,525,2965,18,0,0,0,0,0,5180,18651,46222,26,26,3.2,16,16,2.0,6,6,0.7,0,0,0.0,0,0,0.0,0,0,0.0,6,6,0.7,2,2,0.2,0,0,0.0,2,2,0.2,10,10,1.2,1,1,0.1,23,24,1.4,3,3,0.2,352,352,21.9,0.2243520401540392,0.7756479598459608,1.0434782608695652,1.0
2023,Dindigul,district,22491,0,22491,87679,31522,10744,6067,27,46,33,3,76,2,5932,33227,110170,33,33,2.9,11,11,1.0,21,21,1.8,0,0,0.0,0,0,0.0,0,0,0.0,21,21,1.8,0,0,0.0,1,1,0.1,0,0,0.0,9,9,0.8,0,0,0.0,62,64,2.7,9,9,0.4,731,731,31.7,0.20414813470091678,0.7958518652990832,1.032258064516129,1.0
2023,Erode,district,13644,0,13644,27548,4112,3647,1723,3,0,0,0,0,0,5803,12260,41192,22,22,1.8,22,22,1.8,0,0,0.0,0,0,0.0,0,0,0.0,0,0,0.0,0,0,0.0,0,0,0.0,0,0,0.0,0,0,0.0,3,3,0.2,0,0,0.0,37,39,1.5,3,3,0.1,659,688,27.4,0.3312293649252282,0.6687706350747717,1.054054054054054,1.0
2023,Kallakurichi,district,9346,0,9346,35648,3747,3493,2756,8,26,14,0,30,3,7247,18324,44994,104,104,14.0,100,100,13.4,0,0,0.0,0,0,0.0,0,0,0.0,0,0,0.0,0,0,0.0,0,0,0.0,2,2,0.3,2,2,0.3,10,10,1.3,0,0,0.0,23,27,1.5,3,3,0.2,286,311,19.2,0.20771658443348,0.7922834155665199,1.173913043478261,1.0
2023,Kanchipuram,district,5678,0,5678,40948,7416,2064,6121,0,0,0,0,0,0,4373,20974,46626,9,9,1.9,2,2,0.4,7,7,1.4,0,0,0.0,0,0,0.0,0,0,0.0,7,7,1.4,0,0,0.0,0,0,0.0,0,0,0.0,5,5,1.0,1,1,0.2,36,36,3.7,0,0,0.0,295,303,30.4,0.12177754900699181,0.8782224509930082,1.0,1.0
2023,Kanyakumari,district,13748,0,13748,73522,13748,15883,8425,223,51,0,0,0,0,2203,32989,87270,11,11,1.1,11,11,1.1,0,0,0.0,0,0,0.0,0,0,0.0,0,0,0.0,0,0,0.0,0,0,0.0,0,0,0.0,0,0,0.0,3,3,0.3,0,0,0.0,31,32,1.6,10,12,0.5,328,354,16.4,0.15753408960696688,0.8424659103930331,1.032258064516129,1.0
2023,Karur,district,7580,0,7580,24045,2832,455,2092,3,67,0,0,0,20,4984,13592,31625,3,3,0.5,3,3,0.5,0,0,0.0,0,0,0.0,0,0,0.0,0,0,0.0,0,0,0.0,0,0,0.0,0,0,0.0,0,0,0.0,5,5,0.9,1,1,0.2,18,19,1.6,1,1,0.1,350,360,30.8,0.23968379446640317,0.7603162055335968,1.0555555555555556,1.0
2023,Krishnagiri,district,10605,0,10605,40424,5452,3330,10700,0,0,0,0,0,0,8940,12002,51029,29,29,2.9,24,24,2.4,5,5,0.5,0,0,0.0,0,0,0.0,0,0,0.0,5,5,0.5,0,0,0.0,0,0,0.0,0,0,0.0,6,6,0.6,2,2,0.2,59,63,2.9,1,1,0.0,724,817,36.1,0.20782300260636108,0.7921769973936389,1.0677966101694916,1.0
2023,Madurai,district,19129,0,19129,53138,6678,5838,8012,34,32,2,0,2,38,5174,27328,72267,51,51,4.7,39,39,3.6,8,8,0.7,1,1,0.1,0,0,0.0,0,0,0.0,7,7,0.6,1,1,0.1,3,3,0.3,0,0,0.0,14,14,1.3,5,5,0.5,63,64,2.9,3,3,0.1,575,575,26.7,0.2646989635656662,0.7353010364343338,1.0158730158730158,1.0
2023,Mayiladuthurai,district,3115,0,3115,35101,11474,2845,3087,14,9,12,0,12,6,4337,13305,38216,69,69,14.1,58,58,11.9,6,6,1.2,0,0,0.0,0,0,0.0,0,0,0.0,6,6,1.2,3,3,0.6,0,0,0.0,2,2,0.4,3,3,0.6,2,2,0.4,10,11,1.0,5,5,0.5,150,154,15.4,0.08151036215197822,0.9184896378480217,1.1,1.0
2023,Nagapattinam,district,3671,0,3671,18791,1193,1992,1494,9,0,0,0,0,0,4583,9520,22462,22,22,5.9,15,15,4.0,4,4,1.1,0,0,0.0,0,0,0.0,0,0,0.0,4,4,1.1,1,1,0.3,0,0,0.0,2,2,0.5,7,7,1.9,3,3,0.8,15,15,2.0,3,3,0.4,128,187,17.1,0.16343157332383582,0.8365684266761642,1.0,1.0
2023,Namakkal,district,11066,0,11066,24369,3386,3375,3993,3,92,0,0,0,0,4962,8558,35435,33,33,3.6,33,33,3.6,0,0,0.0,0,0,0.0,0,0,0.0,0,0,0.0,0,0,0.0,0,0,0.0,0,0,0.0,0,0,0.0,3,3,0.3,0,0,0.0,35,36,1.9,0,0,0.0,556,641,30.2,0.3122901086496402,0.6877098913503598,1.0285714285714285,1.0
2023,Nilgiris,district,4587,0,4587,12561,954,1197,1012,0,0,0,0,0,0,3499,5899,17148,9,9,2.3,9,9,2.3,0,0,0.0,0,0,0.0,0,0,0.0,0,0,0.0,0,0,0.0,0,0,0.0,0,0,0.0,0,0,0.0,0,0,0.0,0,0,0.0,10,11,1.3,1,1,0.1,61,61,7.8,0.2674947515745276,0.7325052484254724,1.1,
2023,Perambalur,district,1040,0,1040,11176,1812,156,1141,7,20,0,0,0,30,2337,5673,12216,72,72,23.8,65,65,21.5,5,5,1.7,0,0,0.0,0,0,0.0,0,0,0.0,5,5,1.7,1,1,0.3,1,1,0.3,0,0,0.0,7,7,2.3,2,2,0.7,12,13,2.0,0,0,0.0,171,207,28.4,0.08513425016371971,0.9148657498362803,1.0833333333333333,1.0
2023,Pudukottai,district,9483,0,9483,34428,5989,115,2991,15,19,0,0,0,0,4348,20951,43911,36,55,4.2,36,55,4.2,0,0,0.0,0,0,0.0,0,0,0.0,0,0,0.0,0,0,0.0,0,0,0.0,0,0,0.0,0,0,0.0,8,8,0.9,0,0,0.0,29,29,1.7,3,3,0.2,423,423,24.5,0.21595955455352872,0.7840404454464712,1.0,1.0
2023,Ramnathapuram,district,14666,0,14666,39630,5851,8916,475,17,41,25,0,40,0,5199,19066,54296,18,18,2.5,18,18,2.5,0,0,0.0,0,0,0.0,0,0,0.0,0,0,0.0,0,0,0.0,0,0,0.0,0,0,0.0,0,0,0.0,9,9,1.2,4,4,0.6,36,36,2.5,4,4,0.3,402,423,27.9,0.27011197878296744,0.7298880212170326,1.0,1.0
2023,Ranipet,district,1593,0,1593,24869,4462,1814,3125,0,0,0,0,0,0,3153,12315,26462,14,14,2.2,5,5,0.8,3,3,0.5,0,0,0.0,0,0,0.0,1,1,0.2,2,2,0.3,4,4,0.6,1,1,0.2,1,1,0.2,2,2,0.3,0,0,0.0,22,26,1.7,1,1,0.1,263,281,20.6,0.06019953140352203,0.9398004685964779,1.1818181818181819,1.0
2023,Salem,district,12813,0,12813,36278,6782,1780,3980,12,0,0,0,0,0,9481,14243,49091,40,40,2.8,40,40,2.8,0,0,0.0,0,0,0.0,0,0,0.0,0,0,0.0,0,0,0.0,0,0,0.0,0,0,0.0,0,0,0.0,9,9,0.6,0,0,0.0,46,46,1.6,5,5,0.2,538,573,19.0,0.26100507221282926,0.7389949277871708,1.0,1.0
2023,Sivagangai,district,6150,0,6150,30221,7815,3870,568,45,39,27,0,40,0,3570,14247,36371,34,34,4.8,24,24,3.4,4,4,0.6,0,0,0.0,0,0,0.0,4,4,0.6,0,0,0.0,1,1,0.1,3,3,0.4,2,2,0.3,9,9,1.3,1,1,0.1,42,46,2.9,1,1,0.1,381,440,26.7,0.16909075912127794,0.8309092408787221,1.0952380952380953,1.0
2023,Tenkasi,district,6718,0,6718,39299,4815,3356,3969,39,0,0,0,0,0,2608,24512,46017,70,70,9.2,38,38,5.0,16,16,2.1,0,0,0.0,0,0,0.0,0,0,0.0,16,16,2.1,4,4,0.5,3,3,0.4,9,9,1.2,8,8,1.0,0,0,0.0,39,43,2.6,3,3,0.2,238,258,15.6,0.14598952561010062,0.8540104743898994,1.1025641025641026,1.0
2023,Thanjavur,district,19159,0,19159,57361,12574,3842,5255,50,59,54,9,78,0,12392,23048,76520,104,104,8.1,104,104,8.1,0,0,0.0,0,0,0.0,0,0,0.0,0,0,0.0,0,0,0.0,0,0,0.0,0,0,0.0,0,0,0.0,10,10,0.8,3,3,0.2,51,51,2.0,4,4,0.2,587,607,22.9,0.25037898588604285,0.7496210141139571,1.0,1.0
2023,Theni,district,10254,0,10254,41798,4739,5640,3362,32,36,1,0,53,0,6357,21578,52052,33,33,5.0,22,22,3.3,0,0,0.0,0,0,0.0,0,0,0.0,0,0,0.0,0,0,0.0,2,2,0.3,3,3,0.5,6,6,0.9,10,10,1.5,4,4,0.6,46,46,3.5,6,6,0.5,322,335,24.2,0.19699531237992776,0.8030046876200723,1.0,1.0
2023,Thirunelveli,district,8429,0,8429,46471,6644,2094,3679,50,0,0,0,0,12,3646,30346,54900,90,90,14.3,51,51,8.1,17,17,2.7,2,2,0.3,0,0,0.0,6,6,1.0,9,9,1.4,6,6,1.0,8,8,1.3,8,8,1.3,9,9,1.4,2,2,0.3,47,47,3.7,2,2,0.2,302,318,24.0,0.1535336976320583,0.8464663023679417,1.0,1.0
2023,Thiruvallur,district,7324,0,7324,50183,4598,3267,10981,1,21,22,0,39,2,7390,23862,57507,22,22,1.7,13,13,1.0,2,2,0.2,0,0,0.0,0,0,0.0,0,0,0.0,2,2,0.2,1,1,0.1,3,3,0.2,3,3,0.2,8,8,0.6,0,0,0.0,30,30,1.2,7,7,0.3,297,312,11.8,0.12735840854156885,0.8726415914584311,1.0,1.0
2023,Thiruvannamalai,district,14274,0,14274,55031,7149,4531,6228,5,0,0,0,0,0,8244,28874,69305,22,22,1.7,15,15,1.1,5,5,0.4,0,0,0.0,0,0,0.0,0,0,0.0,5,5,0.4,1,1,0.1,0,0,0.0,1,1,0.1,16,16,1.2,1,1,0.1,35,35,1.3,7,7,0.3,648,742,24.7,0.20595916600533873,0.7940408339946613,1.0,1.0
2023,Thiruvarur,district,6874,0,6874,36859,6586,2252,5041,0,43,16,0,45,0,6950,15926,43733,39,39,5.8,34,34,5.0,2,2,0.3,0,0,0.0,0,0,0.0,0,0,0.0,2,2,0.3,1,1,0.1,0,0,0.0,2,2,0.3,7,7,1.0,0,0,0.0,18,18,1.3,4,4,0.3,220,226,16.3,0.15718107607527496,0.842818923924725,1.0,1.0
2023,Thoothukudi,district,18403,0,18403,60832,6595,3689,4994,77,7,8,0,0,0,5025,40437,79235,68,68,7.3,35,35,3.7,22,22,2.4,0,0,0.0,0,0,0.0,0,0,0.0,22,22,2.4,6,6,0.6,3,3,0.3,2,2,0.2,11,11,1.2,3,3,0.3,74,75,4.0,7,10,0.4,469,496,25.1,0.2322584716350098,0.7677415283649902,1.0135135135135136,1.0
2023,Tiruppattur,district,9038,0,9038,26294,1564,4493,1930,8,0,0,0,1,0,6189,12109,35332,9,9,1.4,5,5,0.8,0,0,0.0,0,0,0.0,0,0,0.0,0,0,0.0,0,0,0.0,1,1,0.2,1,1,0.2,2,2,0.3,4,4,0.6,2,2,0.3,19,19,1.5,4,21,0.3,200,239,15.9,0.25580210573983925,0.7441978942601608,1.0,1.0
2023,Tiruppur,district,265,0,265,30121,4713,2432,2754,12,0,0,0,0,17,5567,14626,30386,10,10,0.9,10,10,0.9,0,0,0.0,0,0,0.0,0,0,0.0,0,0,0.0,0,0,0.0,0,0,0.0,0,0,0.0,0,0,0.0,5,5,0.5,0,0,0.0,31,31,1.4,1,1,0.0,716,719,33.0,0.008721121569143685,0.9912788784308563,1.0,1.0
2023,Trichy,district,19331,0,19331,21457,4982,3149,3270,37,0,0,0,0,0,5326,4693,40788,49,49,4.9,42,42,4.2,6,6,0.6,0,0,0.0,0,0,0.0,0,0,0.0,6,6,0.6,0,0,0.0,0,0,0.0,1,1,0.1,13,13,1.3,2,2,0.2,45,46,2.3,1,1,0.1,528,555,26.4,0.4739384132588016,0.5260615867411984,1.0222222222222221,1.0
2023,Vellore,district,12108,0,12108,43901,9305,3105,4673,0,26,22,1,53,3,5538,21175,56009,14,14,1.7,14,14,1.7,0,0,0.0,0,0,0.0,0,0,0.0,0,0,0.0,0,0,0.0,0,0,0.0,0,0,0.0,0,0,0.0,5,5,0.6,0,0,0.0,24,24,1.4,13,13,0.8,312,313,18.8,0.21617954257351496,0.783820457426485,1.0,1.0
2023,Villupuram,district,12834,0,12834,65633,7384,4512,905,1,0,0,0,0,0,15398,37433,78467,28,28,2.5,28,28,2.5,0,0,0.0,0,0,0.0,0,0,0.0,0,0,0.0,0,0,0.0,0,0,0.0,0,0,0.0,0,0,0.0,14,14,1.3,0,0,0.0,35,38,1.6,7,7,0.3,519,548,23.6,0.1635592032319319,0.8364407967680682,1.0857142857142856,1.0
2023,Virudhunagar,district,17331,0,17331,46877,10320,3704,1100,115,57,46,0,42,0,6189,25304,64208,35,35,3.4,16,16,1.5,10,10,1.0,0,0,0.0,0,0,0.0,0,0,0.0,10,10,1.0,3,3,0.3,2,2,0.2,4,4,0.4,15,15,1.4,0,0,0.0,61,70,2.9,0,0,0.0,467,543,22.5,0.26991963618240716,0.7300803638175928,1.1475409836065573,1.0
2023,Cyber Cell,special_unit,0,0,0,1,0,1,0,0,0,0,0,0,0,0,0,1,0,0,,0,0,,0,0,,0,0,,0,0,,0,0,,0,0,,0,0,,0,0,,0,0,,0,0,,0,0,,0,0,,0,0,,0,0,,0.0,1.0,,
2023,Other Units,special_unit,0,0,0,381,18,0,0,0,0,0,0,0,0,363,0,381,0,0,,0,0,,0,0,,0,0,,0,0,,0,0,,0,0,,0,0,,0,0,,0,0,,0,0,,0,0,,0,0,,0,0,,0,0,,0.0,1.0,,
2023,Railway Chennai,special_unit,0,0,0,8796,1288,0,4432,0,0,0,0,0,0,71,3005,8796,5,5,,5,5,,0,0,,0,0,,0,0,,0,0,,0,0,,0,0,,0,0,,0,0,,0,0,,0,0,,8,8,,0,0,,1,1,,0.0,1.0,1.0,
2023,Railway Trichy,special_unit,0,0,0,1533,480,0,871,0,0,0,0,0,0,71,111,1533,0,0,,0,0,,0,0,,0,0,,0,0,,0,0,,0,0,,0,0,,0,0,,0,0,,1,1,,0,0,,1,1,,1,1,,0,0,,0.0,1.0,1.0,1.0
